Artifact Id,model_2024-12-16_14-53-35.pth prediction
d3f:OperatingSystem,d3f:Command
d3f:OperatingSystem,d3f:Command
d3f:OperatingSystem,d3f:HardwareDriver
d3f:OperatingSystem,d3f:Command
d3f:OperatingSystem,d3f:Database
d3f:OperatingSystem,d3f:Command
d3f:OperatingSystem,d3f:Command
d3f:OperatingSystem,d3f:HardwareDriver
d3f:Database,d3f:Database
d3f:Database,d3f:Database
d3f:Database,d3f:Database
d3f:Database,d3f:Database
d3f:Database,d3f:Command
d3f:Database,d3f:Database
d3f:Database,d3f:Command
d3f:Database,d3f:Command
d3f:Database,d3f:HardwareDriver
d3f:Database,d3f:Command
d3f:Database,d3f:Database
d3f:Database,d3f:Command
d3f:Database,d3f:Database
d3f:Database,d3f:Command
d3f:Database,d3f:Command
d3f:Database,d3f:Command
d3f:FileSystem,d3f:Command
d3f:FileSystem,d3f:Command
d3f:FileSystem,d3f:Command
d3f:FileSystem,d3f:Command
d3f:FileSystem,d3f:Command
d3f:FileSystem,d3f:Command
d3f:FileSystem,d3f:Command
d3f:FileSystem,d3f:Command
d3f:FileSystem,d3f:Command
d3f:Database,d3f:Command
d3f:Database,d3f:Command
d3f:Database,d3f:Command
